,0
0,feed  full of for leni kiko  for bbm sara  but see for filipino nation  vote people let  vote wise come election let  vote one filipino nation 
1,mother worker filipino people 
2,peopl parti central shout support leni furthermore  bar emphas peopl vote wisely ther hope 
3,control train mind stronger emotions 
4,end day  vote best judgment rememb candid applic judg fairly pleas respect other  decis want support everyon entitl opinion   
5,chang people  mind tell peopl better them but encourag better peopl set good exampl ourselves let  love philippin anymore let  inspir other 
6,nice much new vlog volum learn   no bia pramis watch na    
7,may god help us guid better future 
8,pleas feel share w english tagalog version already thank ayi jan kapampink realli different  cost
9,what  go please 
10,interest discuss happen election join next pc webinar   anyare  post elect analysis  moder  regist here 
11,can t choos two should choos seriou one naughti one 
12,vote agre radic chang comfort life filipino workers thank ongo fight classmates 
13,philippin stranger tireless youth participation  especi democraci stake     
14,vote wise    
15,protect vote     
16,presidenti candid isko moreno hold meet de avanc tondo saturday     
17,first elect pandemic ar readi cast vote 
18,get reward part 
19,atm  critic points  reflect rhetor dimens philippin elect    may     pmwatch here 
20,know th philippin commiss elect permit coin flip way decid tie votes 
21,month fierc campaigning     
22,height election i tear sudden th size dependent r talk it hard love still lose hope 
23,presidenti candid leni robredo messag anxiou story 
24, pedagogi amp  desir presidency at long last  educ sector shaken mediocr liber use promot long stand bias within ph 
25,martial law victim fear horror marcos  rule would diminish son win presid    
26, anxiou leni  among mani catchphras use social media support robredo     
27,
28,vote go mall may
29,make sure check design prioriti lane accommod senior citizens  pregnant women pwd efficiently 
30,marco campaign use simpl slogan uniti frame beyond polit disagreements  amp  next monday  philippin elect    
31,loren legarda speak practic simpl habit mitig climat chang
32,xian gaza friday embrac  marites  titl ad frame facebook profil pictur support tandem     
33,filipino report incid vote buy comelec  task forc give    
34,govern position  power money  that  main reason run elections y know are 
35,carri cellphon prohibit photograph strictli forbidden make copi ballot way use buy sell vote 
36,philippin todaylitician treat like ancient gods shit 
37,choos wisely 
38,remind may electionslet  exercis right suffrag vote wisely 
39,wast vote car read instruct ballot submit it 
40,wast vote car read instruct ballot submit it 
41,day th webinar nation forum commun democraci anyare post elect analysis  moder  register 
42,interest discuss happen election join next pc webinar   anyare  post elect analysis  moder  regist here 
43,day philippin elect  your vote matters b inform import detail avoid voter suppression y visit
44,hometown folk caravan  belov mayor am th best morn alway burley 
45,futur hope for a futur fight for 
46,this 
47,lot member question faith cuz current administration there  lot  cold  slowli leaving a lot member hypocrites so worri endorsement not everyon follow lol 
48,vote wise everyone 
49,enha relat post i v seen facebook bbm sara tandem realli worst all thi sad hardwork teacher serv may elect anxieti again vot wise ppl 
50,stress reliever  unfriend unithiev fb friends 
51,keep see post children disrespecting  even curs parent differ polit beliefs thi election  like issu news  pass  disrespect forgotten 
52,
53,philippin vote  marco seen pro china robredo like test beij tie via    
54,loren legarda  talk child 
55,
56,priest use social media preach word god virtu prefer candid one divis elections     
57,we r home stretch now what next
58,wrong download twitter support malaima mi tl full polit twt it  toxic speci peopl rude other coz share polit stancecan boys 
59,icymi  lorenzo legarda levist said left choic publicli state  absolut disgusted  mother loren legarda  choic
60,philippin stranger tireless youth participation  especi democraci stake     
61,photos  bundl offici ballot dispatch manila citi hall thursday  may nation print offic quezon citi safekeeping  four day  via read 
62,rememb fulli shade oval candidate  name     
63,peopl day choos option like research justifi choice i wonder ever come point open research first make decision 
64,want show support candidate 
65,youth  futur depend may
66,top bottom them eme 
67,vote wise may
68,habitu principl say make neg normal ov time  peopl get use good bad i think explain corrupt get elect again     
69,full story  may non work holiday    
70,hope vote seen works  trace corrupt lies philippines  wake up 
71,vp leni robredo polit disruptor h platform driven loyalty  cleanliness  evidence bas transpar govern exact opposit troll driven machin oppon        
72,suddenli rememb gloc   song  should right  nic message may join vote
73,in  presid rodrigo dutert declar may special non work holiday enterstori follow
74,name choos from 
75,may still declar malacaang non work holiday philippin nation elections in may elect day declar earli april  thi fishi me 
76,final push    
77,happen hunt wealth plunder former dictat ferdinand marcos  regim son win
78,given time chanc regist voter afraid speak campaign bets you still pay tax resid country 
79,class work feu manilaand makati suspend onmay  thi give way students  faculty  employe particip elections  enter
80,
81,him pl just  see see i dont mean offend anyon question i want enlightened please 
82,vote go mall may    
83,vote correctli child 
84,vote wise    
85,election  let opportun elect right peopl lead country a well elect appropri peopl senate 
86,day th webinar nation forum commun democraci anyare post elect analysis  moder  register 
87,ayala avenu wit protest marches  funerals  bloodi militari upris alway signal massiv polit chang ahead     
88,vote wise monday 
89,martial law victim fear horror marcos  rule would diminish son win presid    
90,friend ask month ago   who  president  i decid remain non partisan topic realli toxic messy polit ph alway messy a may approaches  hope choos right man woman fit role 
91,vice presidenti candid sara dutert deliv flower senatori candid loren legarda interview pastor apollo quiboloy     
92,feel sort emot due
93,think carefully tak care it pleas vote wisely 
94,rememb what  stake 
95,life
96,polit candidates  pleas consider enough play campaign song loudli weekday morn afternoons som peopl work home  student onlin classes  newborns elderli find noisy 
97,kapampink disrespect inc kapampink disown parents where  radic love now 
98,lorenzo legarda levist said left choic publicli state  absolut disgusted  mother loren legarda  choic    
99,make sure check design prioriti lane accommod senior citizens  pregnant women pwd efficiently 
100,refrain take selfies  say comelec 
101,keep top     better    life life
102,oha     life
103,may may
104,undecid voter vote conscienc vote candid mirror valu believ right search heart believ good 
105,us anyonebuti want win
106,undecid voter vote conscienc vote candid mirror valu believ right search heart believ good 
107,
108,think  fight right candid hilarious i d rather friend thi elect would dictat futur luxuri amathet it 
109,jaclyn jose defend inc  choic elect
110,regist filo voter pl pl research alway fact check   dont settl hearsay  just says  random person  tiktok vid sources 
111,regist voter herelet see n may
112,sometim think politician intent priorit educ masses so  or polit party  chanc win next election 
113,hi may
114,simple get money buy food smart vote may  please 
115,vote bbm sara tandem  surpris
116,exol wish fair truth come  m still undecided and can t bash me just don t 
117,
118,absolut centrisim
119,ayala avenu wit mobil myriad polit persuas years 
120,here  guide 
121,lorenzo legarda levist follow mani children marcos dutert uniteam support made public differ polit belief parents     
122,we r home stretch now what next
123,look  clergi moral choic  cmc  held press confer wednesday manila cathedr ask comelec uphold fair honesti  via read 
124,loren legarda  son disown support ferdinand marco jr sara duterte   i absolut disgust     
125,day th webinar nation forum commun democraci anyare post elect analysis  moder  register 
126,hashtag trend wednesday netizen claim member church christ said would still vote leni robredo despit church  endors rivals     
127,who  vp bet  more 
128,priest use social media preach word god virtu prefer candid one divis elections 
129,regardless win filipino could see still fight polit month come 
130,prepar code  check guide    
131,photos  mocha uson file wednesday manifest comelec regard physic health capac senatori candid work senat elect  via
132,final pink ralli may    
133,comelec clarifi voter requir wear face shield present vaccin card elect day may
134,   dieser articl durchleuchtet den aktuellen wahlkampf auf den philippinen sehr przise und wohlinformiert  ist ziemlich traurig  da hier vor ort mitanzusehen 
135,doc tricia who it  joferlyn
136,seem pure elections  support if so  do it import fight 
137,refrain take selfies  say comelec     
138,homestretch campaign     
139,day go oversea vote philippin elect ends  mani filipino yet receiv postal ballot philippin embassy read story 
140,mocha uson ask comelec look health former vice presid jejomar binay run senat    
141,archives  endors big religi group ticket elect victory     
142,convinc fight  bullied  miss insult boy abunda if anyon watches  see thing think  day go 
143,day left election im anxiou still hopeful let  win this everyon pleas vote wise
144,feel stressed  angry  anxiou normal her tip deal it    
145,whoever win may elect full plate problem manage  press country  territori squabbl preserv tie    
146,presidenti candid bongbong marco messag supporters 
147,may th u i good governance  you hop may ps if u think abt it  starwar political it demonstr collectively  peopl hope amp fight good  life
148,ayala avenu wit protest marches  funerals  bloodi militari upris alway signal massiv polit chang ahead     
149,meet tricia robredo aka joferlyn    
150, ayala avenu wit protest marches  funerals  bloodi militari upris alway signal massiv polit chang ahead  
151,end day  hope judg fals basi without valid legal proof argument arguing and hope littl awar real problem country it  mema 
152,futur countri hands 
153,presidenti candid bongbong marco call support protect vote theft may    
154,heartstopp
155,ladi peac good voyage  pray us st joseph  worker  pray us jesus  trust you thank god thank bayuuu 
156,fck get phone number   i feel violated 
157,happen hunt wealth plunder former dictat ferdinand marcos  regim son win
158,day philippin elect  be mind fact fake news are do research make sure legit sources  to believ rumor self esteem  
159,expect queue line follow guidelin precinct peac elect day 
160,expect queue line follow guidelin precinct peac elect day 
161,tale two aspir leaders on who  prioriti peopl one vote people now  i ll let decide who realli care you who want rise power 
162,philippines  let  wast upcom
163,there  still time left 
164,i m quit confus list name endors church christ versu teach church ther seem disconnect i trust follow moral independ base teach god 
165,church christ  candidaci ferdinand marco jr  offici endorsed and sara dutert
166,skip long line next week 
167,makati congressman monsour del rosario weigh reform switch lacson robredo
168,check may
169,final pink ralli may    
170,in  church christ formal endors bongbong marco davao citi mayor sara duterte carpio presid vice president  soon
171,pep elect watch  polit underdog  vp leni robredo held  power volunteerism  fight
172,alfr vargas  brother  withdraw candidaci despit death threat
173,three priest explain speak liar thiev
174,pokwang confirm dj durano apolog call  feel famous  feel ai ai 
175,shade two presidents  elect stori here 
176,triggered it  bibl said centuries  priest said  more 
177,vice vice 
178,pep elect watch  freighter  presidenti aspir manni pacquiao world champion boxer senator 
179,pep elect watch  isko moreno  garbag tondo manila mayor
180,pep elect watch  presidenti aspir bongbong marcos  unfaz controversi
181,filipino cast vote six days 
182,
183,puls asia explain result latest pre elect survey
184,pep elect watch  senat ping lacson hold track record former law enforc rose ladder reput action man no tak policy 
185,see recent presidenti elect survey  doounts you want better country stop support well known douches don t make mistak wanna suffer anoth year pain credenti gt be famou
186,pep elect watch  know president find background ka leodi de guzman
187,near  hope vote right peopl els shithol go get wors
188,sinc elect almost near wanna say pray best futur nation pleas vote wisely  know histori research nation deserv good leader
189,turn decid fate nation 
190,vote precinct  stay vigil follow protocol  mask cast vote responsibly 
191,like bbm  that  okay if like leni  that  okay if like me  okay 
192,day        
193,gonna vote  repli who 
194,brief profil nation elect candid may explor here 
195,mayor vico sotto forc reveal presidenti candidate 
196,days  election a note  wear polit color elect day possibl elector fraud occurring  let remind us practic secreci may
197,bet meet qualifications   time voter here  guide 
198,vice presidenti candid sara duterte carpio said monday best pick posit  strong heart  deliv work need public servant     
199,pasig mayor vico sotto  seek reelection  maintain would  stand conviction  despit pressur speak name presidenti candidate     
200,get know senatori candid answer questions     
201,result survey releas week
202,real uniti help uplift live fellow filipino sectors  archbishop socrat villega said     
203,bongbong marco sara duterte carpio remain top choic presid vice presid mani filipino accord april puls asia survey     
204,tandem vice presid leni robredo sen franc  kiko  pangilinan search candid week    
205,turn act enact change 
206,vice presid leni robredo one proud mother     
207,possible  vote precinct earli can 
208,possible  vote precinct earli can 
209,know means     
210,former  solid  marco support encourag other switch pink     
211,shade two presid two vps  may surviv guide 
212,megastar recal transcend friendship presidenti candid bongbong marco becom  wiser  politics     
213,last event pilipina debat    
214,get lost come elect day     
215,shot leni     
216,three meet de avanc may elections     
217,join campaign ralli last week campaign period     
218,trigger elect fake news onlin bardagulan     
219,archives  here  explain help make sens elect surveys     
220,vote can t 
221,case know ballot number chosen candidates     
222,lng namanthank batangasbatanga pink life live
223,pleas love god vote wise upcom elect
224,done fulfil one respons filipino citizen lord pleas guid enlighten ofw voter world may choos candid work efficiently  compassion amp with integr better country 
225,toxic elect ph to much bs tear unity 
226,okay leav blank   time voter here  guide  https    
227,make sure confirm statu may
228,elit famili long rule philippin politics     
229,better vote wise philos   day pleas use vote wisely w cannot afford anoth dictat make lead countri fck merci countri
230,vote pinas  opening   
231,voted oversea absente voting let  love philippines 
232,elect hamilton music relev song
233,saturday ask school author take stand varsiti volleybal player endors bongbong marco president 
234,make voic heard 
235,icymi  temporari relief comelec spokesperson jame jimenez director franci arab sought p   million debt controversi impact hub manila sofitel 
236,eventu becom trash talker voter pinas suddenli rotten word behavior came out  lose morality it okay support still show respect so filipino progress down wag bitter 
237,day elect new ph president and vp  new senators  lower hous seat roughli k local posit govern k plu islands al need cri uniti leaders i pro one parti system 
238,
239,polit becom much bear  one deal anger stress all 
240,temporari relief comelec spokesperson jame jimenez director franci arab sought p   million debt controversi impact hub manila sofitel     
241,read  vp  greenest  presidenti candid alphabet
242,read   greenest  vice presidenti candidates 
243,guid
244,chosen party list yet  story 
245,vice ganda say abs cbn star support robredo franchise arnel ignacio educ vice franchis frequenc
246,vice presidenti candid kiko pangilinan friday dare rival sara dutert debat    
247,presidenti candid bongbong marco reject rival  vice presid leni robredo  challeng debate     
248,comelec assur voter found doubl record onlin precinct finder still vote  here  one them 
249,vote covid    symptoms 
250,adamson univers    
251,excit vote 
252,get touch local comelec offic know import detail prior elect day 
253,get touch local comelec offic know import detail prior elect day 
254,retain position pow people haayyyyy hop may prove world filipino still thinking  fall fake histori we r naive 
255,see facebook friend attack other  candid newsfe turn heck me anyare  you just want candid rise  class gone 
256,much we r excit volleybal season  hope exercis right vote th may together  make differ choos right leader us you guy know drill 
257,leni robredo family  friends  peopl work share stories     
258,here  interview go     
259,real leni robredo 
260,filipino shanghai  china  yet cast vote via oversea absente vote citi remain grip strict lockdown government   zero covid  policy 
261,presidenti candid bongbong marco declin particip panel interview organ comelec 
262,vote covid    symptoms 
263, pinlawan   thieves   neg campaign work candidates     
264,vice presid leni robredo said need apolog
265, whi atm machine  vic presid leni robredo asked 
266,baguio mayor benjamin magalong apolog jillian robredo shout incident     
267,endors matter you read explainer  day go may
268,marcoleta  withdrawal  vote cast consid stray 
269,presidenti candid bongbong marco declin particip panel interview organ comelec     
270,icymi  sagip party list rep rodant marcoleta  one key oppositor franchis renew abs cbn  withdrawn senatori race 
271,filo armi vote upcom elections  pleas vote wisely look credentials  history  track records  achievements  etc please  let  go right vot filipinos vot philippines 
272,troubl use comelec voter precinct finder     
273,archives  rememb deputi speaker rodant marcoleta told voter campaign ralli shut abs cbn without fear     
274,polit becom much bear  one deal anger stress all     
275,in  sagip party list rep rodant marcoleta  one key oppositor franchis renew abs cbn  withdrawn senatori race 
276, whi atm machine  sh asked     
277,get know senatori candid alex lacson answer question    
278, pinlawan   thieves   neg campaign work candidates     
279,manni pacquiao ex aid jayk joson charg cyber libel word war annabel rama
280,comelec assur voter found doubl record onlin precinct finder still vote  here  one them    
281,sen miguel zubiri drop vice presid leni robredo  senatori slate endors rival bongbong marcos     
282,get know senatori candid alex lacson answer question
283,mudsling get virul nears https    
284,jillian rooto  youngest daughter vice presid leni robredo  call support focu campaign     
285,look  polic offic cast vote absente vote manila polic district headquart wednesday  april  via read 
286,local absente vote start today  april  s guide 
287,day go elections mak vote count 
288,bongbong marco live malacaan palac elect president     
289,one  read guid cast vote  day go may
290,elect day  make list candidates sav voter time design precinct 
291,elect day  make list candidates sav voter time design precinct 
292,live updates  bongbong marco interview cnn philippin    
293,senat lawmaking     
294,look  comelec staff clean old ballot box outsid poll body  offic arroceros  manila  april  the ballot box use storag elect return absente vote via
295,follow elder sister  aika     
296,polit becom much bear  one deal anger stress all     
297,troubl use comelec voter precinct finder     
298,elit famili long rule philippin politics     
299,vic rodriguez  spokesperson presidenti candid bongbong marcos  call  censorship highest degree     
300,
301,local absente vote held april a m to p m    
302,what  fruit got loyalty read day go befor may
303, we make sure replac qualified   nadin luster said endors presidenti candid leni robredo     
304,batan governor maril cayco monday endors presidenti vice presidenti bid leni robredo kiko pangilinan     
305,here  need can t find record comelec precinct finder     
306,troubl use comelec voter precinct finder 
307,get lost come elect day     
308,archives  polit famili stay power     
309,get know senatori candid richard gordon answer question    
310,viral photo alleg vice presid leni robredo  name miss ballot new zealand  deliber edited   comelec said     
311,readi exercis right vote 
312,polit becom much bear  one deal anger stress all 
313,icymi  photo alleg ballot new zealand without vp leni robredo  name circul social media    
314,elit famili long rule philippin politics     
315,polit becom much bear  one deal anger stress all     
316,strategi campaign rallies  explained     
317,troubl use comelec voter precinct finder     
318,everi vote counts  indeed read more  week go may
319,pre tap singl candid team panel interview instead take place final event comelec said     
320,prefer choic candidates let us creat neg respect other  view opinions 
321,prefer choic candidates let us creat neg respect other  view opinions 
322,strategi campaign rallies  explained 
323,philippines  celebr polit intersect 
324,photo alleg ballot new zealand without vp leni robredo  name circul social media
325,reelectionist sen juan miguel zubiri saturday said believ presidenti candid bongbong marco becom dictator 
326,presidenti candid leni robredo secur endors popular tv host vice ganda birthday ralli pasay citi saturday 
327,
328,echo thoughts 
329,knew famili go may
330,want         
331,award win actor john arcilla saturday channel famou role  gener luna  endors vice leni robredo presid
332,reelectionist sen juan miguel zubiri said believ presidenti candid bongbong marco becom dictator 
333, the elect town ourselves   john arcilla said vp leni robredo  ralli pasay citi
334,get lost come elect day 
335,one vice another 
336,doubl mind peopl who  campaign roblox candid stop    
337,decid vote presid vice president    day go may
338,vice ganda publicli endors vp leni robredo presid
339,birthday ralli vp leni robredo  macapag blvd   pasay          
340,
341,kathryn bernardo   mi plan may make leni robredo president  
342,zero idea philippin also election  now go leni so that  fight livelihood happi bodi land philippines for women all 
343,genuin unity     
344,educate degrad repli tweet dm  prefer replies 
345,photo jon pasan via
346,guide  robredo  birthday ralli pasay  april
347, a     p m   drone shot crowd macapag avenu leni kiko ralli saturday  vp leni robredo  th birthday th ralli street parti start p m  via  photos  team kiko jimmi prayer 
348,join rally here  surviv guide     
349,get lost elect day 
350,defin era w power chang circumst nation let us choos leader spend wise infrastructur benefit poor 
351,engag bloc voting read  day go elect day 
352,pole short polit analyticstryin tuh relat bulog do island
353,two week go
354,icymi  new date debat april vice presidenti candid may presidenti bets     
355,presidenti candid leni robredo hold birthday ralli macapag avenu pasay april    
356,get lost elect day 
357,get know senatori candid joel villanueva answer question    
358,kim chiu endors leni kiko tandem rally 
359,icymi  clip gone viral    
360,hi guy i ll post awar sinc countri  ph  elect near lot filo mutual    still dont enough senat fill spots thi may help
361,rose  rob calucagful version 
362,kim chiu endors leni kiko tandem rally     
363,get lost elect day     
364,new date debat april vice presidenti candid may presidenti bets     
365,vice presid leni robredo turn    
366,chose friend presidenti bet 
367,presidenti candid bongbong marco secur endors governor cebu  cavite  pangasinan  laguna 
368,vice presid leni robredo davao citi mayor sara duterte carpio search presidenti vice presidenti candid two week    
369,laguna gov ramil hernandez endors presidenti candid bongbong marcos     
370,cebu provinc million regist voter    
371,philippin elect common trope heavili involv polit husband support bbm leni support wife
372,look  shot vp sen   ceboom ralli mandau city  cebu thursday attendees  accord local pnp organizers  via  photos  vp leni media bureau  team kiko 
373,protect peac keep open mind w may differ opinion that  a ok  let  keep elect free fair 
374,list name senatori candid vote may     day go elect day 
375,protect peac keep open mind w may differ opinion that  a ok  let  keep elect free fair 
376,icymi  vice presid leni robredo  daughter  aika  ask nbi investig fake video circul internet     
377,inform convict translat votes not  money fear translat votes vot wisely 
378,icymi  megastar share take  withdraw leni  call 
379,mocha uson hit toni gonzaga   it fact know noth public service  
380,vice presid leni robredo  daughter  aika  ask nbi investig fake video circul internet     
381,vote center left damag storm     
382, i blame him vic presid leni speak rival manila mayor isko moreno  call withdraw
383,end day  we r team philippines 
384,hallyu election  k pop fan activ ever     
385,vice presid leni robredo  support invit join art jam  street party  ralli start p m on saturday  april
386,clip gone viral    
387,here  explan presidenti candid isko moreno  campaign manager     
388,megastar share take  withdrawn leni  call     
389,face to fac campaign human touch 
390,make celebr endors work read  day go elect day 
391, i ll repeat again  withdraw  leni  bully  that  opinion   presidenti candid isko moreno said     
392,archives  toni gonzaga bongbong marco angel locsin leni robredo what make celebr endors work 
393,book free but taste   don t eat it   presidenti candid isko moreno said     
394,get know presidenti candid leodi de guzman answer questions  includ voter choos    
395,face to fac campaign human touch 
396,presidenti candid manni pacquiao share thought  withdraw leni  call 
397, it convers destroy peopl tell withdraw   presidenti candid manni pacquiao said     
398, i m withdraw vp leni  withdraw him  right  vic presidenti candid willi ong said     
399,like true fangirl  vice presid leni robredo hide excit saw pascual among viewer live facebook video     
400,presidenti candid isko moreno stand call vice presid leni robredo withdraw story 
401,full story  last disqualif case vs bongbong marco junk comelec bodi    
402,in  last disqualif case vs presidenti candid bongbong marco junk comelec  commission georg erwin garcia confirm reportr  via follow
403,human touch robredo  support count narrow survey gap frontrunn bongbong marco    
404, i ll repeat again  withdraw  leni  bully  that  opinion   presidenti candid isko moreno said     
405,elect call us make import choices get know candid thorough research make sure choos one worth vote for 
406,star power enough read celebr politics  day go may
407,elect call us make import choices  get know candid thorough research make sure choos one worth vote for 
408,here  vote may senior citizen  pregnant  pwd    
409,archives  toni gonzaga bongbong marco angel locsin leni robredo what make celebr endors work     
410,presidenti candid leodi de guzman say gunshot disrupt injur least two peopl consult displac indigen tribe 
411,thoughts  read 
412,presidenti candid ping lacson said call vice presid leni robredo withdrawn     
413,presidenti candid bongbong marco preach uniti refus engag critic family  histori corrupt human right abuses 
414,icymi  filipino cannot vote mall comelec said    
415,presidenti candid norberto gonzal apolog vice presid leni robredo joint press confer attend manila mayor isko moreno sen p lacson turn out 
416, we filipinos  quarrelsome  look mess   presidenti candid bongbong marco said     
417, i m sorri that presidenti candid norberto gonzal apolog vice presid leni robredo joint press confer attend manila mayor isko moreno sen p lacson turn out     
418,presidenti candid manni pacquiao support call manila mayor isko moreno vice presid leni robredo withdraw campaign manag said    
419,day go may tip first tim voters 
420, there power singl vote tak queen catriona
421,miss univers catriona gray list reason vote leni robredo
422,icymi  presidenti candid leni robredo unfazed     
423,pleas follow usc ssc fb page stay tune updates 
424,miss univers catriona gray said support leni kiko tandem story 
425,full story  catriona gray endors leni kiko tandem may    
426,in  miss univers catriona gray endors vp leni robredo sen kiko pangilinan presid vice presid
427,itch  unfriend  someon politics 
428,realli primari bet but there  noth wrong nd choice  right opt exist true democrat society 
429,wfh rto how favorit netflix show get know vice presidenti candid kiko pangilinan answer questions  includ voter choos
430,filipino cannot vote mall comelec said    
431,archives  campaign jingl win vote candidates     
432,here  parti presidenti candid isko moreno thinks 
433,class public school suspend may give way activities  depe said  enterstori follow
434,think new logo     
435,get touch local comelec offic know import detail prior elect day 
436,party list for  really read explainer  day go may
437,get touch local comelec offic know import detail prior elect day 
438,presidenti candid leni robredo unfazed     
439,icymi  presidenti candid isko moreno dare rival leni robredo withdraw    
440,busi nights 
441,here  presidenti candid norberto gonzales  take current survey figur
442,sen p lacson deni goal joint press confer fellow presidenti candid manila mayor isko moreno ex defens secretari norberto gonzal campaign bongbong marcos 
443,manila mayor isko moreno call vice presid leni robredo withdraw presidenti race story 
444, just chill  long time  choz   vice presid leni robredo said 
445, thi character  noth gender   manila mayor isko moreno said call vice presid leni robredo withdraw
446, if good player win  pay suprem sacrifice  withdraw      calling  hero  withdrawn leni   presidenti candid isko moreno said 
447,archives  happen compet women seek power 
448,filipino differ motiv need come vote elections read more  day go elect day 
449,volunt house to hous campaign presidenti candid leni robredo     
450,rosa tandem win feminism read more  day go may
451,archives  there  vote buy money     
452,elect day  make list candidates sav voter time design precinct 
453,guess who  asid sen leila de lima  campaign behind bars mor details  day go may
454,elect day  make list candidates sav voter time design precinct 
455,devil realli busi easter spread fake survey even though dr dare releas survey sinc election  stop lying    
456,senat lawmaking     
457,know polit campaign ban maundi thursday good friday    day go may
458,queen p leni 
459,ever wonder lacson sotto tandem wear checker polo campaign     
460,forgot pink oh well
461,volunt house to hous campaign presidenti candid leni robredo     
462,thank tune today  webinar our th instal nation forum commun democraci may nn  titled   anyare  post elect analysi ce orea drilon  regist here 
463,abanto  voter  educ constant done elections y role play well watch vote love futur people 
464,abanto  still pandemic  yet  certain procedur followed    make sure check ballot term storag transportation    watch vote buy selling      
465,abanto  backdrop  civil societi organ come forward make sure elector process order vote protected 
466,offici close today  webinar  let  hear flordeliz abanto  director pcs 
467,result menti meter earlier 
468,name  recogn elect differ year  let  fight proactiv voter disinformation   adds ther someth do  us  fight disinformation 
469,caritos  first  let  find advanc vote second  believ mis  disinform immediately let  studi thing watch first  read 
470,serrano  still day elect day still long time w still enough time let us use time offer wise prayer vote 
471,paragas  import collabor rather combative it import call cancel immediately w vigilant y noth lose 
472,abanto comelec  they r tri best  mayb talk watch commission appoint presid duterte  administration hop loyalti appoint town 
473,name  see someth wrong  let  call out in way  social media import tool a medium us rais coll concern issues 
474,alvia proper ventilation  buy vote center prison clear beauti air flow 
475,abanto pcs  goals   what is  import commun us protect democracy 
476,caritos  vote person vote also communal thi cooper fight misinform disinform enter 
477,abanto  must sting listen run say look comrad camp say look view women  indigen people  etc 
478,paragas  still day elect hopefully  think closed w still opportun listen differ side still research 
479,alvia  buy election  let  look eye employer w take job applcants let  see right person posit elected 
480,name choos candid vote for  position  track record come issu  e g  corruption  policy  etc  
481,serrano  let  take care it  let  study  study  give us enough time now  offer vote realli thorough intellig process 
482,alvia  precinct finder given dict i know take it  mayb two week elect system problem  breach privaci concerns  etc  
483,serrano  wear color pertain candid long written name wear would campaigning 
484,name  peopl  except watch dogs  free wear whatev want elect day 
485,caritos  police  secur forces  insid vote place that taboo omnibu elect code 
486,alvia  barangay  enter vote center must away hi presenc give pressur voter  unless vote  
487,take note bring vaccin card vote required y properli wear face mask times 
488,carito vote buying  comelec import frontlin problem vote buying 
489,alvia safeti health protocols  even though temperatur high  still allow vote that  promot held health worker interact crowd      
490,dr serrano assur they v done differ diagnost test hardwar accept test election  equipment  th comelec  focu secur aspect  even recent elections  strong   adds 
491,namfrel  invit step by step guid becom elect volunteer access video here 
492,comelec  one key thing continu vigil keep toe alway looking  caring  watch they r call see issues 
493,mama leni spoken 
494,carito comelec  guidelines  gener instructions  releas earli late last year al train done hopefully  realli need work together 
495,today  panel  photo  paca nangalangan  democraci watch ph   eric alvia  namfrel   dr arwin serrano  ppcrv   atty rona carito  lente   malou mangaha  pcij  
496,erratum  eric alvia take place augusto lagman namfrel 
497,name  one exampl we v seen pre shad ballots that  import actual go vote 
498,lagman elect violence  great method cultiv talk community th paragraph followed  guidelines  observ campaigning 
499,lagman elect violence  campaign quit intense  competitive  intense  possibl violenc also increases 
500,name  internet social media overturn radio sourc inform voters thi one impli issues it essenti shape vote behav may elections 
501,serrano  far           volunteers  recruit continues ppcrv  target
502,lagman  need volunt  for elections  
503,question  prioriti voter focu approach election lagman say safeti voter prioriti we r still pandemic 
504,compris today  panel arer arwin serrano  parish pastor council respons vote  ppcrv  and paco namefrom democraci watch ph      
505,compris today  panel are atty rona carito legal network truth elect  lente  augusto lagman nation citizens  movement free elect  namfrel       
506, not you  me  whole filipino depend it   joyc ends 
507,joyce  commun research student  say awar we r prepar come elect especi pandemic 
508,tvup  person street video  ask   what watch election  
509,paragas  remind us individu power shape collect future 
510,paragas  believ import make vote voic count 
511,paragas  year upcom elect may  integr elect demonstr free inform citizenship attack continu bombard misinformation 
512,formal open webinar  dean colleg mass communication  diliman  dr fernando paragas 
513,join us today  fun  mini quizz input code
514,vote  watch  citizens  vote watch moder malou mangahas  co found execut director philippin center investig journal  pcij  follow thread updates 
515,presidenti candid bongbong marco secur endors governor two philippines  vote rich provinces 
516,cebu vote rich provinc country  bongbong marco secur governor  endorsement read  day go
517,prefer choic candidates let us creat neg respect other  view opinions 
518,prefer choic candidates let us creat neg respect other  view opinions 
519,icymi  group im philippin shift support vice presid leni robredo manila mayor isko moreno     
520,sen kiko pangilinan face uphil battl vice presid
521,cebu vote rich provinc country 
522,easier vote filipino abroad     
523,presidenti candid leni robredo said surpris fake news eldest daughter aika spread online     
524, i m surpris trend oppon sinc lost    vice presid leni robredo said attack eldest daughter  aika robredo 
525,ust growl tiger also call support wear pink presidenti candid leni robredo     
526,cebu gov gwen garcia  one cebu parti tuesday formal endors ferdinand  bongbong  marco jr for presid    
527,archives  celebr use star power help polit candid win  can deliv votes     
528,vice presidenti candid kiko pangilinan  moment farmer went viral  show power endors ordinari individu be     
529,group im philippin shift support vice presid leni robredo manila mayor isko moreno     
530,volunt house to hous campaign presidenti candid leni robredo     
531,day th webinar nation forum commun democraci  vote  watch  citizens  vote watch  moderator  malou mangahas with lente  ppcrv  namfrel  democraci watch ph register 
532,ann curti endors presidenti candid leni robredo  tweet    
533,one million    day go may more 
534,ever wonder lacson sotto tandem wear checker polo campaigning 
535,
536,aika robredo late monday ralli support mother leni  presidenti campaign focu house to hous sorties     
537,ateneo de manila univers de la sall univers call support wear pink vp leni robredo two basketbal rival face tuesday 
538,peopl choos abstain voting     
539,ever wonder lacson sotto tandem wear checker polo campaign     
540,piolo pascual   to leni robredo sure that  
541,icymi  presidenti candid leni robredo  support japan also encourag fellow ofw vote     
542, piolo pascual endors presidenti candid leni robredo    
543,senatori aspir luke spirit acknowledg  zaddi status  podcast episode here  think term     
544,day th webinar nation forum commun democraci  vote  watch  citizens  vote watch  moderator  malou mangahas with lente  ppcrv  namfrel  democraci watch ph register 
545, on tuesday wear pink ateneo de manila univers de la sall univers monday encourag support wear pink vp leni robredo two basketbal rival face tuesday     
546,easier vote filipino abroad     
547,protect peac keep open mind w may differ opinion that  a ok  let  keep elect free fair 
548,day go may  here  guid maintain peac social media 
549,protect peac keep open mind w may differ opinion that  a ok  let  keep elect free fair 
550,robredo  support japan also encourag fellow ofw vote 
551,day th webinar nation forum commun democraci  vote  watch out  citizens  vote watch  moderator  malou mangahas with lente  ppcrv  namfrel  democraci watch ph register 
552, president  nadin luster flex clout caus bottl mang toma sauc go trend twitter morn vice presid leni robredo  biggest campaign ralli far pampanga 
553,day go may stori here 
554,brainless
555,explainer   onion  ralli translat vote leni robredo 
556,watch  drone shot pampanga ralli vp leni robredo kiko pangilinan a pm  crowd estim accord local pnp organizers  via  video  vp leni media bureau 
557,spread love  coupl show love conquer elect politics     
558,one month go may  have decid vote for  stories 
559,interest elect talks join next pc webinar   vote  watch  citizens  vote watch  lens  namfrel  ppcrv democraci watch moderator  malou dare regist here 
560,day th webinar nation forum commun democraci  vote  watch out  citizens  vote watch  moderator  malou mangahas with lente  ppcrv  namfrel  democraci watch ph register 
561,icymi  presidenti candid manni pacquiao warn voter avoid corruption taint candid    
562,ask friend color goe well    discuss becam political 
563, share love  hate thi coupl show love conquer elect politics  https    
564,interest elect talks join next pc webinar   vote  watch  citizens  vote watch  lens  namfrel  ppcrv democraci watch moderator  malou dare regist here 
565,presidenti candid manni pacquiao warn voter avoid corruption taint candid    
566,spread love  coupl show love conquer elect politics     
567,day th webinar nation forum commun democraci  vote  watch  citizens  vote watch  moderator  malou mangahas with lente  ppcrv  namfrel  democraci watch ph register 
568,daughter presidenti candid leni robredo shift strategi reach peopl ground     
569,crack hate speech misinformation     
570,presid rodrigo dutert take new role interview    
571,vice presidenti candid kiko pangilinan address  rosa  tandem first time 
572,elect call us make import choices  get know candid thorough research make sure choos one worth vote for 
573,presidenti candid manni pacquiao keep sen migz zubiri senatori slate despit endors bongbong marcos 
574,k brosa ask ethel booba talk prefer presidenti
575,time cal well 
576,interest elect talks join next pc webinar   vote  watch  citizens  vote watch  lens  namfrel  ppcrv democraci watch moderator  malou dare regist here 
577,sen franc pangilinan wednesday urg public protect tandem vice presid leni robredo    
578,crack hate speech misinformation     
579,sen migz zubiri  endors bongbong marcos  remain senatori slate sen manni pacquiao     
580,day th webinar nation forum commun democraci  vote  watch  citizens  vote watch  moderator  malou mangahas with lente  ppcrv  namfrel  democraci watch ph register 
581,vice presid leni robredo trim lead further 
582,who  endors who 
583,manila mayor isko moreno wednesday pitch choic voter want  peac mind 
584,manila mayor isko moreno wednesday pitch choic voter want  peac mind     
585,here  vote senior citizen  pregnant  pwd    
586,interest elect talks join next pc webinar   vote  watch  citizens  vote watch  lens  namfrel  ppcrv democraci watch moderator  malou dare regist here 
587, todo na  to tour  rufa mae quinto perform marcos  pacquiao campaign ralli draw mix reaction
588,bongbong marco still pre elect survey frontrunner     
589,presid rodrigo dutert explain he  endors candid eye succeed    
590,facebook answer question role tech giant may election watch webinar recap join next webinar  vote  watch  citizens  vote watch register 
591,archives  public appreci result elect surveys     
592,day th webinar nation forum commun democraci  vote  watch  citizens  vote watch  moderator  malou mangahas with lente  ppcrv  namfrel  democraci watch ph register 
593,presidenti candid leni robredo  daughter longer new neg attention how face hater
594,oversea filipino voter singapor
595,vinni marco share like son presidenti candid bongbong marco
596,get touch local comelec offic know import detail prior elect day 
597,get touch local comelec offic know import detail prior elect day 
598,lito atienza withdraw vice presidenti race    
599,watch  persuas polls  episod polit attiresfacebook 
600,here  vote senior citizen  pregnant  pwd    
601,doctor endors tandem     
602,who  endors who     
603,aika robredo share campaign house to hous mother  presidenti candid leni robredo 
604,matter nation interest  sen koko pimentel said     
605,aika  eldest leni robredo  three daughters  acknowledg fake news biggest hurdl convert voters     
606,icymi  tandem senat panfilo lacson vicent sotto iii drop endors sen juan miguel zubiri
607, he  great guy  great father  i v never seen hurt fly   vinni marco say father  presidenti candid bongbong marco    
608,comelec current author impos stiffer penalti non particip debates 
609,archives  there  vote buy money 
610,ex husband ana jalandoni  run vice mayor nueva ecija kit thompson  ex gf  comment actor  attitud
611,comelec current author impos stiffer penalti non particip debates 
612,vp leni robredo  refus exempt celebr couple  fast food restaur
613,archives  polit differ get way person relationships  okay  unfriend      
614,shift battleground down     
615,tandem senat panfilo lacson vicent sotto iii drop endors sen juan miguel zubiri    
616,lito atienza withdraw vice presidenti race    
617,icymi  presidenti candid bongbong marco skip second round    
618,presidenti candid ping lacson tip voter come may
619, the true vote unworthi win thiev right place office   presidenti candid ping lacson said     
620,elect day  make list candidates sav voter time design precinct 
621,elect day  make list candidates sav voter time design precinct 
622,vice presid leni robredo  here  filipino vote may filipino vote  family  like dad digong  mama leni read 
623,presidenti candid bongbong marco skip second round
624,ms  tweet 
625,here  ce drilon tweet     
626,shift battleground down 
627,upper half ninoy aquino  monument tarlac citi plazuela cover tent built presidenti candid bongbong marcos  campaign ralli city 
628, united  opposition just rais urine no sacrifice just let winner win way 
629,angel locsin visit marawi citi campaign leni robredo
630,way mini rally  aika robredo chanc upon group volunt walk along road give away fliers sh alight van thank take photo them 
631,aika robredo apolog pass parti house to hous campaign west fairview it  fifth stop day long campaign qc 
632,archives  there  vote buy money 
633,covid    viru surge  blame campaign     ralli     caucu     etc
634,look  aika robredo marjori barretto made round brgy vasra qc kick vp leni robredo grand house to hous campaign  via
635,look  aika robredo marjori barretto made round brgy vasra qc kick vp leni robredo grand house to hous campaign
636,ai ai dela ala declar support bongbong marcos sara dutert tandem
637,polit ralli influenc voters     
638,raffi tulfo plan leav youtub https    
639,toni gonzaga bongbong marcos angel locsin leni robredo can star power deliv vote
640,icymi  booster shot requir filipino cast vote    
641,catch second round presidenti debat april    
642,presid rodrigo dutert said  neutral  
643,presid rodrigo dutert said thursday support candid eye succeed him  note  neutral     
644, fight me  
645,senatori candid raffi tulfo said youtub channel would continu even    
646,presidenti candid manni pacquiao said marcos would becom  wealthiest famili world  rival bongbong marco win
647,presidenti candid manni pacquiao said marcos would becom  wealthiest famili world  rival bongbong marco win    
648,prefer choic candidates let us creat neg respect other  view opinions 
649,prefer choic candidates let us creat neg respect other  view opinions 
650,icymi  guin said  not wast anyone  time  fact check claim 
651,sandro marco run elect offic first time bid strengthen family  strangehold power iloco nort province 
652,booster shot requir filipino cast vote    
653,govern must collect may said retir suprem court senior associ justic antonio carpio  detail here 
654,presidenti candid ping lacson comment vice presidenti candid lito atienza  call give way pacquiao sotto tandem 
655,comelec implement new format second round presidenti debat april    
656, if biggest tax evad country  pay tax government  
657,sandro marco run elect offic first time bid strengthen family  strangehold power iloco nort province     
658,icymi  presidenti candid manni pacquiao said wednesday open form allianc senat presid vicent sotto iii 
659,marjori barretto tuesday went hous hous convinc filipino vote vice presid leni robredo    
660,guin said  not wast anyone  time  fact check claim     
661,senatori candid rodant marcoleta told voter campaign ralli shut abs cbn without fear  ad public good  story 
662,presidenti candid manni pacquiao said wednesday open form allianc senat presid vicent sotto iii run mate lito atienza quit vice presidenti race due leg problem     
663,polit ralli influenc voters 
664,gun ban june    
665,senatori candid raffi tulfo frontrunn pre elect surveys     
666, i close abs cbn senatori candid rodant marcoleta told voter campaign ralli shut abs cbn without fear  ad public good     
667,toni gonzaga bongbong marcos angel locsin leni robredo can star power deliv vote
668,polit ralli influenc voters     
669,protect peac keep open mind  may differ opinion that  a ok  let  keep elect free fair 
670,protect peac keep open mind w may differ opinion that  a ok  let  keep elect free fair 
671,pre verif votersin singaporelink 
672,watch fourth episod persuas poll titl  campaign rel texts  links facebook 
673,ralli virgins 
674,nacionalista parti endors candidacyi ferdinand  bongbong  marco jr and run mate davao citi mayor sara duterte carpio
675,here  tricia robredo  daughter vice presid leni robredo  say house to hous campaigning 
676,nacionalista parti endors presidenti candidaci ferdinand  bongbong  marco jr and run mate davao citi mayor sara duterte carpio    
677,senatori candid salvador panelo said would releas cover love song  hope finally  popular sharon cuneta rais awar children special needs     
678,senatori candid raffi tulfo said mani friend tell take chairmanship senat blue ribbon panel win
679,senatori candid raffi tulfo frontrunn pre elect surveys     
680,toni gonzaga bongbong marcos angel locsin leni robredo can star power deliv vote     
681, not everyon convert still approach greet  especi sinc stay area   tricia robredo said experi campaign house to house     
682,sen manni pacquiao back presidenti race     
683,sen manni pacquiao said monday would withdraw candidaci presid receiv sign god 
684,sen manni pacquiao back presidenti race     
685, polit endors tend reson voter low polit salience  voter polit engaged  celebr endors would practic effect votes   panao said 
686,toni gonzaga bongbong marcos angel locsin leni robredo can star power deliv vote
687,comelec monday warn candid local elect engag vote buy activities     
688,gray philippin dead campaign ar okay 
689,comelec said would hold  one on one  debat among candid    
690,elect call us make import choices get know candid thorough research make sure choos one worth vote for 
691,pol mdina jr 
692,sen panfilo lacson quot former british prime minist winston churchill     
693, do think machiavellian  presidenti candid bongbong marco ask smni presidenti interviews 
694,bitin alway    thank you i would like ask yet day hahahaha    
695,presidenti candid bongbong marco said victim  fake news 
696,first concoct rabid anti marco us academ name alfr mccoy     without  fact checking   mccoy believ factual a no no academics kessler  wrong information     
697,here  quick review presidenti stand reproduct rights  divorce  issu relev filipinas 
698,chosen candid think woman  right choose 
699,general  celebr endors play huge role elector campaign philippines  much candid would pay million sing song two sorties    
700,forget thi     p m tonight  life
701,nation elect candid seek support local politicians     
702,what  next sen p lacson  presidenti bid 
703,annoy realli  feel good   respect choice  person your choic affect whole country so vote wise di ba       if that  wisest could       argh na lang i want swear 
704,sen p lacson twitter thank support  continu hold line  quit chairman parti reform     
705,campaign period local elect starts     
706,icymi  former speaker pantaleon alvarez thursday apolog vice presid leni robredo endors candidaci president  story 
707,get touch local comelec offic know import detail prior elect day 
708,get touch local comelec offic know import detail prior elect day 
709, seriou alleg violat indiscret comelec provid stringent address commission   comelec said 
710,what  next sen p lacson  presidenti bid     
711,endors come up     
712,comelec said would come final verdict pend case presidenti candid bongbong marco end april    
713, that leader woman form hous speaker pantaleon alvarez endors presidenti candid leni robredo story 
714,former hous speaker pantaleon alvarez endors presidenti candid leni robredo    
715,archives  politician usual gravit presidenti candid highest chanc winning  swarm turncoat grow larger victor declared 
716, i continu fight sen p lacson run presid independ quit parti reform  story 
717,parti reform leader decid back one rivals  sen p lacson said 
718,breaking  presidenti candid ping lacson go independ resign chairman democrat reform party  follow
719,kri aquino  youngest sister late presid noynoy aquino  share endors presidenti candid leni robredo
720,way campaign rallies  surpris seriou quarantin protocol
721,icymi  davao citi mayor sara duterte carpio said would run vice presid ferdinand  bongbong  marco jr 
722,kri aquino take swipe ex fianc herbert bautista   it wise keep promises  
723,k k netizen fact check gov remulla crowd estim marcos dutert ralli cavit
724,here  remind dr tricia robredo
725,nation elect candid seek support local politicians 
726,davao citi mayor sara duterte carpio wednesday said would run vice presid ferdinand  bongbong  marco jr     
727,group formal start push robredo dutert tandem dub  rosa    
728,fast comelec proclaim winner
729,general  celebr endors play huge role elector campaign philippines  much candid would pay million sing song two sorties    
730,icymi  vice presidenti candid sara duterte carpio tell stori behind  uniteam burger     
731,here  remind dr tricia robredo
732,join us support him  sure faith public servic feel see 
733,dr tricia robredo appeal patienc convinc support rival bet turn pink    
734,nation elect candid seek support local politicians     
735,photos  thousand attend campaign ralli presidenti candid ferdinand  bongbong  marco jr in gener trias  cavit tuesday  march bbm facebook page  read 
736,elect day  make list candidates sav voter time design precinct 
737,pleas watch liv tonight pm  also  info thank you   polit education a guid discern
738,elect day  make list candidates sav voter time design precinct 
739,noybi rosa  unoffici tandem liken illicit affair accord polit analyst    
740,hallyu election k pop fandom channel skill campaign specif candid elections w look case k pop stan leni     
741,vice presidenti candid sara duterte carpio tell stori behind  uniteam burger 
742,save date pc webinar  april wednesday      nn via zoomyou vote  watch out  citizens  vote watchnat forum commun democracy  philippin elect register 
743,watch third episod persuas poll titl  campaign rel visual narratives  link 
744,general  celebr endors play huge role elector campaign philippines  much candid would pay million sing song two sorties    
745,fast comelec proclaim winner
746,robredo  marco support debat donni pangilinan vs sandro marco issu
747,vice presidenti candid sara duterte carpio tell stori behind  uniteam burger 
748,icymi  actor jake ejercito among ten thousand rally 
749,group formal start push robredo dutert tandem dub  rosa    
750,look  comelec offici observ cast vote use sampl ballot end to end demo diamond hotel manila tuesday  march  via news use  visit
751,pdp laban endors presidenti candid bongbong marcos     
752,presidenti candid bongbong marco advis public research studi father  late dictat ferdinand marco sr 
753,think leni robredo sara dutert tandem     
754,presidenti candid bongbong marco said victim  fake news 
755, for me  victim  fake news  lot tell  true   presidenti candid bongbong marco said     
756,icymi  here  presidenti candid think propos  day workweek     
757,senatori candid samira gutoc monday clarifi statement thank mocha uson campaign ralli cavite     
758,psa momshi melai  trend twitter host rally  read 
759,prefer choic candidates let us creat neg respect other  view opinions 
760,prefer choic candidates let us creat neg respect other  view opinions 
761,ariana grand bretman rock trend social media monday post massiv ralli vice presid leni robredo  deliv biggest crowd far    
762,icmy  angel locsin express support vice presid leni robredo  presidenti bid     
763,corrupt offici must jailed  presidenti candid bongbong marco said     
764, ma am leni  rock   actress angel locsin said placard support vice presid leni robredo 
765,icymi  presidenti candid ask think propos four day workweek 
766,motorists  take note 
767, true leader show man up  next may  best man job woman   vice presid leni robredo said 
768,march day away i hope filipino realiz  the best man  highest  job woman  
769,presidenti candid bongong marco describ corrupt  human condition  someth peculiar filipinos     
770,hallyu election k pop fandom channel skill campaign specif candid elections w look case k pop stan leni     
771,here  look vice presid leni robredo  public servic record  base offici data     
772,here need know senatori elect    
773,icymi  nope  parokya ni edgar join campaign ralli marcos sara dutert tandem zamboanga city     
774,mocha uson endors manila mayor isko moreno presid    
775,parokya ni edgar  zack tabudlo  blaster silonga call fake poster marcos dutert ralli
776,senatori candid luke spirit vow oppos presidenti candid bongbong marco win read 
777,nope  edgar  parish join campaign ralli marcos sara dutert tandem zamboanga city     
778,happen senatori candid luke spirit salvador panelo face off     
779,fair fight rob vote aid assist reach pasayeos if leader honest transparent  definit trust full 
780,convert hardcor polit supporter 
781,protect peac keep open mind w may differ opinion that  a ok  let  keep elect free fair 
782,protect peac keep open mind w may differ opinion that  a ok  let  keep elect free fair 
783,sick health   til elect part     
784,omg just like bbm 
785,icymi  presidenti candid bongbong marco wednesday said unboth presid rodrigo duterte  statement successor lawyer like himself     
786,sen ime marco thursday said  veri seriou breach  occur part smartmat could compromis oper count machin provider    
787,archives  there  vote buy money     
788,candid longer requir secur permit comelec hold ralli campaign activ area alert level    
789, mayordomagoso  hous talk famili dynamics     
790,icymi  persuas polls  episod polit campaign jingl songswatch herefacebook 
791, if peopl vote  deserv wherev are   presidenti candid bongbong marco said     
792,here  presidenti candid bongbong marco plan first day offic win
793,archives  public appreci elect survey results     
794,presidenti candid bongbong marco said unboth presid rodrigo duterte  statement successor lawyer like himself  story 
795,presidenti candid bongbong marco wednesday said unboth presid rodrigo duterte  statement successor lawyer like himself     
796,leni robredo top bloomberg  poll analyst investor said best presidenti candid lead economi pandem    
797,here  presidenti candid bongbong marco plan first day offic win    
798,elect call us make import choices get know candid thorough research make sure choos one worth vote for 
799,elect call us make import choices  get know candid thorough research make sure choos one worth vote for 
800,seriously  famili names  junior junorett bring table 
801,valentin rosal insist tumbler incid real address basher
802, pleas donny  hi uncle  sen kiko pangilinan  spoken     
803,senatori candid samira gutoc trend twitter tuesday express frustrat toward youth 
804,presidenti candid isko moreno  wife dyne domagoso share view husband  candidaci story 
805, mayordomagoso  hous talk famili dynamics     
806,jp dela serna  rommel galido call valentin rosal fabric stori clout   cheap mo girl     
807, i m lost principle   senatori candid samira gutoc said now vir clip     
808,clout chaser fak kapampink valentin rosales  fake stori time broken cal  cheap   famewhore  well fellow christin dacera respondents 
809,let  get know candid better sav date march     p m   
810,presidenti candid isko moreno  wife dyne domagoso share view husband  candidaci    
811,icymi  bongbong marco jr remain prefer presidenti candid among filipino voters  accord februari puls asia survey    
812,bongbong marcos  rival still fight chanc differ survey rate narrow five points  puls asia said tuesday    
813, i confirm non particip comelec sanct debat come saturday  march    said bongbong marcos  spokesperson vic rodriguez 
814,vice presidenti candid sara dutert said  sometim want man sometim want woman     
815,agree     
816,senatori candid risa hontivero luke spirit plan maintain heritag livelihood country  indigen peoples     
817,bongbong marco jr remain prefer presidenti candid among filipino voters  accord februari puls asia survey    
818,vice presid leni robredo  lesson learn silent  fake news      
819, mi brother cowardly sen ime marco advis brother  presidenti candid bongbong marco attend presidenti debates  story 
820,also find us hard rock cafe toni rome  roppongi tower record shibuya 
821,sen ime marco said brother  presidenti candid bongbong marco attend presidenti debat    
822,presid rodrigo dutert explain think qualiti successor  story 
823,who  attend comelec  vice presidenti debate     
824,get touch local comelec offic know import detail prior elect day 
825,shade accordingly     
826,senat lawmaking     
827,first round philippin debat happen month 
828,first election rel issu come today japan it  free  forget grab copy 
829,kind presid filipino vote  here  presid rodrigo dutert say 
830, the first find  receipt   vice presid leni robredo tell support echague  isabela 
831,rememb leni kiko mural echague  isabela paint uniform personnel allegedli violat oplan baklas vp robredo sen pangilinan went tonight complet rose mural  vp leni media bureau
832,invest forgotten even covid    and may say   deltacron     did ditch greek alphabet already 
833,key cross check estim ground satellit imageri math     
834,who  endors
835,salvador panelo  answer sharon cuneta  neg reaction sang  hope end 
836,sharon cuneta  sang salvador panelo  sing  hope there  end  campaign netizens  react
837,plan futur senat young generation     
838,priest becom vocal polit belief ahead    
839,gcash said would  tighten  user verif process help fight vote buy    
840,senatori aspir luke spirit favor decrimin abort
841,elect day  make list candidates sav voter time design precinct 
842,elect day  make list candidates sav voter time design precinct 
843,let  meet candid citi decid truli bring hope chang pasay 
844,sever store take principl  vote wallet  liter    
845,elect senator  lawyer luke spirit said would push decrimin abort give women choic decid bodi
846, oplan baklas  continu public spaces  comelec said    
847,who  endors     
848,certifi list oversea voter  clov  singapore     
849,offici ballot number    
850,oversea vote start april may    am  pm     
851,liza araneta marcos  wife presidenti candid bongbong marcos  refus think role would play becom first ladi    
852,here  guid vote senat    
853,main mendoza  boyfriend arjo atayd exclud campaign
854,    cup choos presidenti vote i chose undecided  choice i want lose friend chaaar hahaha
855,elect senator  luke spirit said would push give women choic decid bodi
856,elect senator  lawyer luke spirit said would push decrimin abort give women choic decid bodi    
857,presidenti candid panfilo lacson isko moreno confirm particip debat organ comelec     
858,senat ping lacson tito sotto paid courtesi call mayor vico sotto    
859,vice presid leni robredo said wednesday elect president  public afraid critic government 
860,viray  keep cautiou prudent inform consum disregard  mak better judgment inform receive   ends 
861,viray  cannot undermin power tech titan influenc decis vote elect well live lives 
862,viray  choic still ours w need critic consum platforms 
863,viray  readi regul social media platforms 
864,viray  need improv info ecosystem job academe  job whole society 
865,viray  speaker believ littl littl thing done tech giant address issu responsibility 
866,offici close event  immedi past presid pcs  ms kriztin viray 
867,tan  convers stop here w continu want engaged 
868,gaw  platform call logist power to abl organ thing see 
869,bunquin  realli mechan within platform shape decisions they definit shape understand kind inform reach us oth player strateg use platform 
870,question  platform affect vote 
871,bunquin  realli take certain effort academ also civil societi public term improv inform ecosystem realli platform play big role 
872,gaw  one thing need consid disinform ph fact state sponsored i m go sugarcoat anymore how make account e government 
873,gaw  address covid misinform easier scienc there 
874,question  hard lesson learn tri manag disinform cours pandemic 
875,senatori bet said receiv pledg support among support variou presidenti candid go viral roast harri roqu larri gadon smni debates     
876,bunquin  digit literaci play big role engag content see onlin even way manag social media accounts 
877,bunquin  technolog featur malleabl manipul individu malici desir influenc public opinion  that  realli biggest implic role big tech elections 
878,tan goe straight transpar advertising  that  reason continu allow polit ad platform transpar it   explains 
879,question  convers facebook govern relat keep integr elections 
880,tan cite multi facet approach upd polici especi public figur polit candidates  inform sexual orientation  child exploitation  proactiv monitoring  etc 
881,tan  we r doing  multi facet approach it  actual lot digit outreach engagement 
882,question  platforms  respons protect myself 
883,  if elect us  would expect watch us  make mistake  afraid critic us   presidenti candid leni robredo said    
884,gaw  issu platform becom big they r evad account already 
885,bunquin  academics  term   social technic actors   they r vessel inform also agenc capac filter information  includ fals inform well 
886,bunquin  sort respons end platform well 
887,tan  sometim black white think that  import kind understand 
888,tan  need balance it easi navigate ther lot blur line want narrow make clear 
889,tan  inconsist enforcement  right wrong it  simpl understand blur line blur line sometim go either way 
890,gaw explain  algorithm identity   th platform know lot us data point know construct metric matter them   says 
891,question  much platform actual know think 
892,bunquin  platform perspective  keep system running it keep peopl engaged but inform perspective  sort also homogen kind inform we r seeing 
893,tan  polici place ensur want see also within mean seeing it  ever changing  alway updated 
894,tan  control   manipulation  information  control strong word first all  goal newsfe show peopl thing care want see they r interest in 
895,gaw  still commer nature w think tension compani tri balanc balanc act  sacrif compromised 
896,tan  mean peopl critici larg corport like meta it keep us toe well it keep us want better need better 
897,question roy tan  feel peopl acknowledg power social media brings 
898,today  panel discussion  project co lead digit public puls fatima gaw jon benedik bunquin  polit amp govern outreach head asia pacif meta  roy tan 
899,  let  go person  let  hear all   interviewe ends 
900,social media  share access inform candidates  platform  done country  etcetera 
901,tvup  person street video  interviewe agre social media tech giant play import role come elections 
902,pc asks  power tech giant upcom election do think big tech influenc choic vote upcom election 
903,madrunio  alway best invest institut proactvi intervent abl keep pace advantag technolog changes 
904,madrunio  e vot could relev option mass gather discourag time pandemics 
905,madrunio  big enterpris lot fact check part respons society mor effort done 
906,madrunio  compani impact local nation elect philippin
907,madrunio  size reach  practic import aspect human life today associ compani  e g  facebook  whatsapp  etc  
908,offici open event  dr marilu m  madrunio  dean faculti art letter univers santo toma  ust  
909,happening  e left  tame tech titansthi eighth webinar nation forum commun democracy catch livestream here 
910,prefer choic candidates let us creat neg respect other  view opinions 
911,prefer choic candidates let us creat neg respect other  view opinions 
912,comelec act chairperson socorro int issu memorandum suspens  until issu settl and or decis court rendered 
913,commission client candid appoint today it imposs nonpartisan 
914,join us th webinar nation forum commun democracy  titl  e left  tame tech titans  moder robi alampay regist event via link 
915,controversi ph tycoon president  famili friend maneuv nation elect prompt us call data transpar establish credibl inform elect comelec f  logist deal      
916,suprem court tuesday order comelec suspend crackdown poster violat campaign rule    
917,see tomorrow th webinar nation forum commun democracy  titl  e left  tame tech titans  moder robi alampay regist event via link 
918,vice presid leni robredo ask proof attende cavit ralli paid call alleg rep boy remulla insult people     
919,presidenti candid bongbong marco earlier said would particip debat schedul permit it     
920,solicitor gener jose calida ask suprem court void agreement comelec rappler  maintain violat constitution     
921,presidenti candid bongbong marco could win vote provinc cavite  provinc repres boy remulla claim monday     
922,vote wise may    
923,comelec act chair soccoro intp encourag candid attend debates     
924, high stakes  event  say comelec     
925,sen panfilo lacson monday deni  red tagged  attende campaign ralli gener trias  cavite     
926,protect peac keep open mind w may differ opinion that  a ok  let  keep elect free fair 
927,protect peac keep open mind  may differ opinion that  a ok  let  keep elect free fair 
928,comelec partner vote philippines     
929,day th webinar nation forum commun democracy  titl  e left  tame tech titans  moder robi alampay regist event via link 
930, high stakes  event  say comelec 
931,see current system longer work beauti city  replac it 
932,day th webinar nation forum commun democracy  titl  e left  tame tech titans  moder robi alampay regist event via link 
933,here  look presidenti candid bongbong marco perform legisl    
934, i m malacaang  choos ilocano leader put there   presid rodrigo dutert said    
935,presidenti candid manni pacquiao said support  thieves  real stupid ones  
936, the worst country  vote thief   presidenti candid manni pacquiao said     
937, that  part oblig see lie  can t miss it  that  lie  that  realli go principle     
938,senatori candid luke spirit said allow disinform marco years     
939,elect call us make import choices get know candid thorough research make sure choos one worth vote for 
940,elect call us make import choices get know candid thorough research make sure choos one worth vote for 
941,icymi  netizen twitter prais senatori candid luke spirit  roasting  rival harri roqu larri gadon smni debat
942,here  look presidenti candid leni robredo  public servic record  base offici data     
943,here  look presidenti candid bongbong marco perform legisl    
944,netizen twitter prais senatori candid luke spirit  roasting  rival harri roqu larri gadon smni debat    
945,presidenti candid bongbong marco wednesday said would push reviv  bicol express  train rout    
946,hallyu election  k pop fan activ ever     
947,first time youth voters  here  guid make inform choic    
948,here  look presidenti candid leni robredo  public servic record  base offici data     
949,here  look presidenti candid bongbong marco perform legisl    
950,day th webinar nation forum commun democracy  titl  e left  tame tech titans  moder  regist event via link 
951,vice presid leni robredo  presidenti campaign receiv endors leader academe     
952,vote also family  friends  friends don t make money  vote accord conscience 
953,get touch local comelec offic know import detail prior elect day 
954,get touch local comelec offic know import detail prior elect day 
955,news anchor karmina constantino talk twitter tuesday interview presidenti candid jose montemayor    
956,comelec inform presidenti vice presidenti candid topic tackl debat month 
957,googl said work highlight  authoritative  inform platforms  particularli youtube  fight misinformation     
958,support vice presid leni robredo ask suprem court stop comelec appli guidelin post campaign materi privat individuals     
959,solicitor gener jose calida ask comelec drop partnership rappler voter engag fact check    
960,thank  histori show us anti marco opposit front possible in instance  ambiti tradit politician gave way clean  moral widow order challeng sultanist dictator it happen again 
961,note candid make debat sponsor comelec form part govern records     
962,season color promises 
963,strongmen seem strong but histori taught us often gener great anti bulli collabor projects wheth strongmen must met unifi principl stance avengers  assemble 
964,elect day  make list candidates sav voter time design precinct 
965,elect day  make list candidates sav voter time design precinct 
966,season color promises     
967,hallyu election  k pop fan activ ever     
968,hope tarp work good place and wast elections 
969,sober remind peer last night  professor stick facts  h t
970,vice presidenti candid go beyond spare tire elected 
971,hope awar decis reduc covid   restrict now  need consid there  surg near elect day  disadvantag candidates let  awar please 
972,thank upcom elections  know keep follow ig cal petty  want stick peopl    
973,part reduc you  endow intellect will  non  think human being pinoy moral  polit spiritu agenc choose pursu sake will proven wrong 
974,part follow certain without truth  seek intent lead  it good society 
975,tri limit speak engag alway accept invit student youth why becaus gen xer believ millenni amp gen z voter necessari critic mass all import
976, a long vote leni kiko  here   eli buendia  rework lyric  pare ko  campaign leni kiko tandem 
977, i see passion   presid dutert said     
978,pleas post comment anyth properli think done proper reading that could mean danger us don t arrogant  stupid  selfish 
979,jollibe may wear red  support candidate    
980,represent matters     
981, we make up  written history      
982,look  huge crowd present grand ralli vice presid leni robredo sen kiko pangilinan southwestern university  cebu citi thursday  feb      photos  jerom ascanomor stories 
983,messag candid debat weekend  patron voter patron one another 
984,prefer choic candidates let us creat neg respect other  view opinions 
985,prefer choic candidates let us creat neg respect other  view opinions 
986,polit color  red  pink  yellow unit divid
987,hallyu election k pop fandom channel skill campaign certain candid    
988,contrari announc comelec  presidenti candid bongbong marco yet confirm attend poll body  presidenti debate  spokesperson said     
989, no charutan manila mayor isko moreno said thursday would retir polit focu famili lose    
990,
991,nine framer constitut said endors candidaci leni robredo presid kiko pangilinan vice president     
992, whi not  willing  presidenti candid isko moreno said     
993,presidenti candid attend first round debat organ comelec march poll body  spokesperson jame jimenez said     
994,tiktok spl media interview suit narr manipul fraudulent i might compel fight troll tiktok account 
995,back still human right lawyer  vice presid leni robredo defend sumilao farmer member altern law group salahan     
996,first time youth voters  here  guid make inform choic    
997,look  presidenti candid isko moreno run mate willi ong campaign marikina city  feb     isko moreno domagoso 
998,total former govern offici sign declar support presidenti candid leni robredo     
999,tortur gang rap marcos  troop martial law s  etta rosal said fear histori repeat itself    
1000,protect peac keep open mind w may differ opinion that  a ok  let  keep elect free fair 
1001,first time youth voters  here  guid make inform choic    
1002,here  vice presid leni robredo put bash receiv perspective  
1003, mayor isko  still presid me   vice presidenti candid willi ong said     
1004,read  sharon cuneta tuesday campaign ticket husband  vice presidenti candid kiko pangilinan run mate leni robredo    
1005,look  megastar sharon cuneta join husband vice presidenti candid kiko pangilinan  campaign trail tarlac  feb     team kiko 
1006,look  presidenti candid ping lacson run mate tito sotto visit sta cruz  laguna tuesday lacson sotto media bureau 
1007,look  presidenti candid leni robredo meet support rizal park iligan city  feb      via read 
1008,vp exercise  difficult jess  death th answer coming  alway say  that  missed  no  chick     
1009,nice smart friends thank work us piece it  good take relat china import elect issue 
1010,first time youth voters  here  guid make inform choic    
1011,elect lawyer romulo macalint said non candid cover comelec guidelin post campaign materials     
1012,presidenti candid isko moreno  run mate willi ong skip sorites     
1013,cherri pie picache  janin gutierrez  agot isidro  star pledg support leni robredo
1014,poor doctor realli die inside 
1015,campaign slogan influenc voters     
1016,comelec rule come post campaign materials     
1017,kapampink think toxic make cool 
1018,empow voter greatest threat dynastic  corrupt  revisionist  tax evad politicians to filipino voters  candid make feel empowered 
1019,comelec continu  oplan baklas  campaign poster post restrict areas     
1020,anyway  that  now mak good decis vote wisely       
1021,presidenti candid bongbong marco nurs wound left wrist  spokesperson said     
1022,candid tinker idea two parti system government her insight    
1023,elect call us make import choices get know candid thorough research make sure choos one worth vote for 
1024,elect call us make import choices  get know candid thorough research make sure choos one worth vote for 
1025,i m host first podcast thi popular issu surround  and fish   al episod filipino first episod next week 
1026,color choic rectified  comelec said 
1027,despit separ church state  candid seek support religi leaders     
1028,look  baguio citi mayor benjamin magalong endors candidaci senat ping lacson tito sotto  feb     lacson sotto media bureau 
1029,color choic rectified  comelec said     
1030,three former comelec commission said friday poll bodi cannot take poster privat properti without permiss    
1031,pnp friday urg public report troop dismantl poster tarp author so    
1032,roup member call filipino un retire leni     
1033,i m give talk student today campaign polit elections mor info event  will livestream fb   one slides can guess gs stand for 
1034,marco jr   campaign consist of    cambridg analytica   polit alliances   reactiv cronies   content creators   organ socm moderators   institut like comelec   moneyal power 
1035, reminder  oversea vote cabbabayan usfor inform visit
1036,comelec said open review guidelin physic campaign
1037,     
1038,comelec second divis dismiss petit seek block senatori bid raffi tulfo woman claim legal wife     
1039,privat citizen right refus author entri home take overs campaign poster tarps  elect lawyer romulo macalint said     
1040,refus comelec entri home privat property  lawyer said     
1041,despit separ church state  candid seek support religi leaders     
1042,comelec rule come post campaign materials     
1043,fals sens moral superior
1044,moder panel next week let  hear real foreign polici secur polici experts and yes  shade 
1045,professor clarita carlos  outshin presidenti aspir smni presidenti debat
1046,prof  prof clarita carlos  exclus presidenti candid smni presidenti debat
1047,rule must followed  say comelec    
1048,okay  statu quo stil long way go may th 
1049,
1050,said said th elect war member polit elite it  restor democraci right path 
1051,despit separ church state  candid seek support religi leaders     
1052,comelec said open review guidelin physic campaign    
1053,icymi  former sen bongbong marco said would accept invit attend presidenti forum schedul permits     
1054,icymi  presidenti race frontrunn bongbong marco tuesday join first debat ahead may polls     
1055,look  vice presid leni robredo sen kiko pangilinan deliv speech convent capiz robredo people  council kalibo  aklan tuesday  feb      via
1056,presidenti candid bongbong marco said would priorit militari resolut south china sea disput would continu  correct approach  pursu polici engag china     
1057,healthi boundaries respect listen b open minded rememb world spectrum shades  ok take time elections b discern think th futur you don t wast it 
1058,presidenti race frontrunn bongbong marco tuesday join first debat ahead may polls     
1059,
1060,presidenti candid isko moreno run mate dr willi ong visit allen northern samar tuesday  feb     isko moreno  facebook page  read 
1061,akbayan partylist tuesday ask comelec commission aime ferolino ampoloquio inhibit deliber disqualif petit bongbong marco    
1062,vice presidenti candid kiko pangilinan caught tub stik o     
1063,care mother clean stainless  daw 
1064,voter support vice presid leni robredo might celing  puls asia said     
1065,here  run list incumb head vote rich provinc area countri presidenti candid endors    
1066,thank valentine s  feed got littl less toxic 
1067,thank write us
1068,look  vice presid leni robredo sen kiko pangilinan  greet support motorcad promot bid roxa city  capiz  feb      via read 
1069,former sen bongbong marco tuesday said would accept invit attend presidenti forum schedul permits     
1070,asid bongbong marco two presidenti candid attend smni debat tonight    
1071,presidenti candid bongbong marco three rival attend tuesday night debat host smni    
1072,vote wisely 
1073,unfortunately  current polit scienc research around world contradict analysis deb margin effect elector choices 
1074,icymi  presidenti candid leni robredo  isko moreno  panfilo lacson  manni pacquiao said would skip debat host smni 
1075,part job  vice presid leni robredo says 
1076,here  run list incumb head vote rich provinc area countri presidenti candid endors    
1077,nft best utility mint philippin may invest wisely  open
1078,beat marco jr   a unit opposition for me  still possible 
1079,presidenti candid leni robredo  isko moreno  panfilo lacson  manni pacquiao said monday would skip debat host smni     
1080,mean endors el shaddai 
1081,cathol group el shaddai endors candidaci bongbong marco sara duterte  spiritu advis said monday     
1082,presidenti candid bongbong marco run mate sara dutert skip cnn philippin debates     
1083,whoever president w still respons development everi day eat problem come to 
1084,part
1085,bongbong marco jr and sara duterte carpio top list prefer presidenti vice presidenti candid puls asia januari survey 
1086,part job  vice presid leni robredo says 
1087,survey bread butter polit science so puls asia sw still credibl me but hope poll come weeks w can t simpli one survey per month all import
1088,here  updat list comelec 
1089,import  i v never done presidenti elect past let  finish this 
1090,philippin presidenti elect like plagu toxic
1091,fascin see neg campaign embrac use benefit victim 
1092,comelec  remind artist endors tv show
1093,toxic
1094,vice ganda slam fake news critic toni gonzaga
1095,kind peopl teach children  surpris qualiti educ ph deteriorating i hope academ institut make peopl accountable  ban teaching 
1096,  more issu toni g  bother academics  suppos teach proper research critic thinking  one spread fake news misinformation 
1097,jc de vera refut misconcept peac sign jak ejercito vocal support leni robredo
1098,leodi de guzman among gun highest seat country what take key nation issues 
1099,corrupt pandem respons death penalti west philippin sea  presidenti aspir ping lacson stand 
1100,presidenti frontrunn ferdinand  bongbong  marco jr stand country  critic issues 
1101,emmanuel  manny  pacquiao profession boxer  senator  former alli presid rodrigo duterte h enter polit serv sarangani  repres six years 
1102,maria leonor  leni  gerona robredo th vice presid philippin run independ presidenti candid  symbol way  show inclusivity 
1103,presidenti candid leni robredo friday secur endors economist    
1104,icymi  social media star sassa gurl said would vote leni robredo president     
1105,freedom choic mean freedom without responsibility your right end entir collect welfar begins your vote might choic consequ transcend you 
1106,apparently  tax evas punish law ph
1107,korina sanchez critic presidenti interviews   i m style   i it  
1108,problem support at least get garbage  dba money garbage 
1109,full story  comelec first divis dismiss petit seek disqualifi bongbong marco presidenti race     
1110,erik matti call  unbothered  toni gonzaga  brazen  arrogant  crude  robin padilla defend toni
1111,sen panfilo lacson said perform presidenti candid recent futur debat could still act gamechang trail rival mani pre elect surveys     
1112,mani filipino still gimmick  promise  candidates  especi corruption 
1113,polit nois go right now  can t help miss gentl sharp eloqu anoth bicolano  raul roco 
1114,presidenti candid bongbong marco thursday thank toni gonzaga host kick off ralli philippin arena earlier week     
1115,here  guid comelec exercis right vote stay safe covid   
1116,comm   now  still unresolved 
1117,social media star sassa gurl said would vote leni robredo president     
1118,ef mind win come ph election let  pray everyth countri filipinos al candid sweet promis know can t fulfil all 
1119,icymi  retir chief justic hilario davide  jr i endors presidenti vice presidenti bid leni robredo kiko pangilinan     
1120,former mmda spokesperson celin pialago said would repres frontlin bida party list    
1121,sen sherwin gatchalian former quezon citi mayor herbert bautista longer part lacson sotto ticket     
1122,albay rep joey salceda wednesday endors presidenti candidaci vice presid leni robredo     
1123,karla estrada daughter daniel padilla  polit view contradictory 
1124,reposted  vot someon conviction   in  vote someon conviction    
1125,marco jr win tsunami migrant philippin canada  sure 
1126,respect
1127,dear sir  debat candid compar better platform see defend them if alway hide behind spokesperson  let run instead you 
1128,vacation  nd night duty no rest polit analysts 
1129,social media key battleground
1130,
1131,presidenti version   manchurian candidate  behemoth  joke  manchurian candidate  lite version  billionair throw money  guy like tank rifles  somebodi old man version cassandrapick poison lol
1132,toni gonzaga critic kapamilya supporters  colleagu host marcos dutert rally toni  unbothered  
1133,look  sorsogon gov chiz escudero host presidenti candid leni robredo run mate kiko pangilinan sorsogon provinci gymnasium wednesday  feb     via
1134,thank tune today  nation forum commun democracy  ph elect  next month  march nn pm  forum moder by  here 
1135,pernia  see beyond theatric sentiments b aware go reliabl sourc information b active  passive  fact checking 
1136,pernia  bear repeat vote  vote  decis collect future why becaus person give vote impact six year lives 
1137,pernia  expect elev philippin elect discourse well  ball us it incumb us  vote public  due dilig candidates 
1138,retir chief justic hilario davide  jr said wednesday endors presidenti vice presidenti bid leni robredo kiko pangilinan     
1139,pernia  data analyt use abus half truth lies 
1140,pernia  data useful  cautiou interpret use information 
1141,pernia  survey big data provid glimps peopl think feel candidates 
1142,formal close event  pc presid vice presid public affairs  dr elena pernia  give synthesi discussions 
1143,patigan  judici dilient do homework pleas take time studi  the platforms  
1144,santiago  dilig voter use intellect not swept strong stream whatev sentiment have 
1145,bagayau mendoza  power think power lie peopl awar fact misused push back platform needed 
1146,masigan  time  algorithm becom effici toward heart mind target audience      
1147,manhit  enhanc campaign responsive 
1148,think big data devalu polit campaign mere algorithm make expansive 
1149,energi question audience feel free type chat boxes 
1150,manhit  elect shape mainstream mediaci media seem domin platform  danger especi there  disinform happening 
1151,bagayau mendoza  divorc gatekeep role  basic remov responsibility it  realli hard hold parti account also digit space 
1152,bagayau mendoza  that  reason past  tradit media  suppos vetted there  process there th poblem right gatekeep all ther verif all      
1153,bagayau mendoza  right air opinion  platform broadcast itself i right not everybodi right broadcast millions      
1154,masigan  incumb us homework discern believ to th problem escal point dictat governments  world order  nation security      
1155,masigan  fair like facebook  youtube  twitter  never said gatekeep truth their aim gener ad give stockhold share value      
1156,implic big data compani collect analyz data influenc polit opinion what this 
1157,bagayaua mendoza  even group particip campaign space  platform becom way  particip process way desigend 
1158,manhit  way target messag go beyond mainstream media veri critic this  becam direct to vot approach 
1159,defin  big data  manhit  use big data actual produc rise use internet campaign earli  s a tool  replac use call  mail system  
1160,bagayau mendoza  imposs think elect without think data 
1161,manhit  understand possibl voter commun understand are everi campaign use surveys  analysi matters 
1162,complet panel  economist  polit analyst  businessman  andrew masigan  write column businessworld philippin star 
1163,next  gemma bagayaua mendoza  multimedia journalist editor rappler  talk data shape rappler  elect campaign coverage 
1164,pc asks  voters  quot know polit survey only 
1165,pc asks  word associ big data 
1166,santiago  sentiment analysi use longest time businesses exampl custom materi reviews  survey responses  online  social media  health care materials  etc 
1167,here  guid comelec exercis right vote stay safe covid       
1168,formal open event  invit colleg mass commun  cmc  dean dr arminda santiago sh start ask questions   what data analysis  data analytics  difference  
1169,start  mini quizz input code
1170,today  forum moder veteran journalist  ed lingao expert discuss data analyt play huge role upcom elect campaign 
1171,tiktok user allegedli plot assassin presidenti candid bongbong marco surrend nbi     
1172,full support
1173,former sen bongbong marco attend debat forum fellow presidenti candid meant pit other  spokesperson said     
1174,key campaign messag presidenti candid    
1175,campaign season offici started here  rundown need know    
1176,hope come elect sinc peopl blind lie thiev would resort youtub tiktor facts i m sorri what  happening 
1177,wear color philippin flag  box superstar manni pacquiao launch presidenti campaign hometown gener santo city     
1178,i m suppos vacat can t rest fate country  democraci hang balance 
1179,sen p lacson tuesday launch presidenti campaign cavit hometown  posit leader uplift live million erad corruption     
1180,mayor isko moreno tuesday kick campaign presid manila city     
1181,share campaign period started thi elect season  non negoti fact
1182,bongbong marco run mate  sara duterte  laid vision unifi countri toward pandem recovery     
1183,look  sen panfilo lacson sen tito sotto hold proclam ralli imus  cavite  feb    offic sen  lacson  read 
1184,archives  solid north solid south deliv bongbong marco sara dutert
1185,naga citi along mani part bicol region tuesday turn pink presidenti candid leni robredo     
1186,photos  vice presid leni robredo greet support motorcad promot presidenti bid naga citi camarin sur  feb     via read 
1187,expect candid visit area    
1188,icymi  former sen bongbong marco jr challeng critic show proof histori revis onlin sought becom country  next president     
1189,read  former philippin govern offici variou administr express support vp leni robredo  presidenti bid joint statement releas tuesday      mor here 
1190,campaign season start today from archives  readi get lss differ campaign jingles     
1191,presid rodrigo dutert said monday support candid eye succeed    
1192,social media key battleground    
1193,see tomorrow th webinar pc nation forum commun ampemocracy   data sentiment analysis  go beyond surveys   feb    wednesday  nn regist free 
1194,icymi  prohibit physic activ campaign season 
